<ImportExportXml xmlns:xsi="http://www.w3.org/2001/XMLSchema-instance">
  <Entities></Entities>
  <Roles></Roles>
  <Workflows>
    <Workflow WorkflowId="{5f3783c6-adce-ed11-b597-000d3abffcb3}" Name="Send process email to customers">
      <JsonFileName>/Workflows/Sendprocessemailtocustomers-5F3783C6-ADCE-ED11-B597-000D3ABFFCB3.json</JsonFileName>
      <Type>1</Type>
      <Subprocess>0</Subprocess>
      <Category>5</Category>
      <Mode>0</Mode>
      <Scope>4</Scope>
      <OnDemand>0</OnDemand>
      <TriggerOnCreate>0</TriggerOnCreate>
      <TriggerOnDelete>0</TriggerOnDelete>
      <AsyncAutodelete>0</AsyncAutodelete>
      <SyncWorkflowLogOnFailure>0</SyncWorkflowLogOnFailure>
      <StateCode>1</StateCode>
      <StatusCode>2</StatusCode>
      <RunAs>1</RunAs>
      <IsTransacted>1</IsTransacted>
      <IntroducedVersion>1.0.0.0</IntroducedVersion>
      <IsCustomizable>1</IsCustomizable>
      <BusinessProcessType>0</BusinessProcessType>
      <IsCustomProcessingStepAllowedForOtherPublishers>1</IsCustomProcessingStepAllowedForOtherPublishers>
      <PrimaryEntity>none</PrimaryEntity>
      <LocalizedNames>
        <LocalizedName languagecode="1033" description="Send process email to customers" />
      </LocalizedNames>
    </Workflow>
  </Workflows>
  <FieldSecurityProfiles></FieldSecurityProfiles>
  <Templates />
  <EntityMaps />
  <EntityRelationships />
  <OrganizationSettings />
  <optionsets />
  <CustomControls />
  <EntityDataProviders />
  <CanvasApps>
    <CanvasApp>
      <Name>cr56b_labtoploverv2_f5d79</Name>
      <AppVersion>2023-04-11T17:14:57Z</AppVersion>
      <Status>Ready</Status>
      <CreatedByClientVersion>3.23034.13.0</CreatedByClientVersion>
      <MinClientVersion>3.23034.13.0</MinClientVersion>
      <Tags>{"primaryDeviceWidth":"640","primaryDeviceHeight":"1136","supportsPortrait":"true","supportsLandscape":"true","primaryFormFactor":"Phone","publisherVersion":"3.23034.13","minimumRequiredApiVersion":"2.2.0","hasComponent":"false","hasUnlockedComponent":"false","isUnifiedRootApp":"false","sienaVersion":"20230410T154655Z-3.23034.13.0"}</Tags>
      <IsCdsUpgraded>0</IsCdsUpgraded>
      <GalleryItemId xsi:nil="true"></GalleryItemId>
      <BackgroundColor>rgba(255, 255, 255, 1)</BackgroundColor>
      <DisplayName>Labtop house V2</DisplayName>
      <Description xsi:nil="true"></Description>
      <CommitMessage xsi:nil="true"></CommitMessage>
      <Publisher xsi:nil="true"></Publisher>
      <AuthorizationReferences>[]</AuthorizationReferences>
      <ConnectionReferences>{"611a9cac-ed1c-4351-a027-c65c86403a9a":{"id":"/providers/microsoft.powerapps/apis/shared_sharepointonline","displayName":"SharePoint","iconUri":"https://connectoricons-prod.azureedge.net/releases/v1.0.1627/1.0.1627.3238/sharepointonline/icon.png","dataSources":["laptops","laptop_orders","laptop_order"],"dependencies":[],"dependents":[],"parameterHints":{},"parameterHintsV2":{},"isOnPremiseConnection":false,"bypassConsent":false,"dataSets":{"https://yddt4.sharepoint.com/sites/Projects_S":{"datasetOverride":{"name":"https://yddt4.sharepoint.com/sites/Projects_S","environmentVariableName":"cr56b_shared_sharepointonline_05d227b18e98426f819687a138c5abe4"},"dataSources":{"laptops":{"tableName":"5ebf5f3f-b9cc-4849-8d02-b605ea54bbf1","tableNameOverride":{"name":"5ebf5f3f-b9cc-4849-8d02-b605ea54bbf1","environmentVariableName":"cr56b_shared_sharepointonline_89755069cd55463c890c1670791086a8"}},"laptop_orders":{"tableName":"3491beca-aef0-486a-b223-c4596268c762","tableNameOverride":{"name":"3491beca-aef0-486a-b223-c4596268c762","environmentVariableName":"cr56b_shared_sharepointonline_f0142ae82e364504bc60cb3b97a7c7c7"}},"laptop_order":{"tableName":"3c1516d4-a65d-424a-bd81-069e44696a64","tableNameOverride":{"name":"3c1516d4-a65d-424a-bd81-069e44696a64","environmentVariableName":"cr56b_shared_sharepointonline_e57581ca38ff4d96937ce1869a52579a"}}}}},"apiTier":"Standard","actions":["providers/PowerPlatform.Governance/Operations/Read","providers/PowerPlatform.Governance/Operations/Write"]}}</ConnectionReferences>
      <DatabaseReferences>{}</DatabaseReferences>
      <AppComponents>[]</AppComponents>
      <AppComponentDependencies>[]</AppComponentDependencies>
      <CanConsumeAppPass>1</CanConsumeAppPass>
      <CanvasAppType>0</CanvasAppType>
      <BypassConsent>0</BypassConsent>
      <AdminControlBypassConsent>0</AdminControlBypassConsent>
      <EmbeddedApp xsi:nil="true"></EmbeddedApp>
      <IntroducedVersion>1.0</IntroducedVersion>
      <CdsDependencies>{"cdsdependencies":[{"logicalname":"cr56b_shared_sharepointonline_05d227b18e98426f819687a138c5abe4","componenttype":380,"componenttypeplatformname":"EnvironmentVariableDefinition"},{"logicalname":"cr56b_shared_sharepointonline_89755069cd55463c890c1670791086a8","componenttype":380,"componenttypeplatformname":"EnvironmentVariableDefinition"},{"logicalname":"cr56b_shared_sharepointonline_f0142ae82e364504bc60cb3b97a7c7c7","componenttype":380,"componenttypeplatformname":"EnvironmentVariableDefinition"},{"logicalname":"cr56b_shared_sharepointonline_e57581ca38ff4d96937ce1869a52579a","componenttype":380,"componenttypeplatformname":"EnvironmentVariableDefinition"}]}</CdsDependencies>
      <IsCustomizable>1</IsCustomizable>
      <BackgroundImageUri>/CanvasApps/cr56b_labtoploverv2_f5d79_BackgroundImageUri</BackgroundImageUri>
      <DocumentUri>/CanvasApps/cr56b_labtoploverv2_f5d79_DocumentUri.msapp</DocumentUri>
    </CanvasApp>
  </CanvasApps>
  <connectionreferences>
    <connectionreference connectionreferencelogicalname="cr56b_sharedoffice365_839e0">
      <connectionreferencedisplayname>Office 365 Outlook laptophouse-839e0</connectionreferencedisplayname>
      <connectorid>/providers/Microsoft.PowerApps/apis/shared_office365</connectorid>
      <iscustomizable>1</iscustomizable>
      <statecode>0</statecode>
      <statuscode>1</statuscode>
    </connectionreference>
    <connectionreference connectionreferencelogicalname="cr56b_sharedonedriveforbusiness_744c5">
      <connectionreferencedisplayname>OneDrive for Business laptophouse-744c5</connectionreferencedisplayname>
      <connectorid>/providers/Microsoft.PowerApps/apis/shared_onedriveforbusiness</connectorid>
      <iscustomizable>1</iscustomizable>
      <statecode>0</statecode>
      <statuscode>1</statuscode>
    </connectionreference>
    <connectionreference connectionreferencelogicalname="cr56b_sharedsharepointonline_66089">
      <connectionreferencedisplayname>SharePoint laptophouse-66089</connectionreferencedisplayname>
      <connectorid>/providers/Microsoft.PowerApps/apis/shared_sharepointonline</connectorid>
      <iscustomizable>1</iscustomizable>
      <statecode>0</statecode>
      <statuscode>1</statuscode>
    </connectionreference>
  </connectionreferences>
  <Languages>
    <Language>1033</Language>
  </Languages>
</ImportExportXml>