<environmentvariabledefinition schemaname="cr56b_shared_sharepointonline_05d227b18e98426f819687a138c5abe4">
  <apiid>/providers/microsoft.powerapps/apis/shared_sharepointonline</apiid>
  <displayname default="Projects_S - https://yddt4.sharepoint.com/sites/Projects_S">
    <label description="Projects_S - https://yddt4.sharepoint.com/sites/Projects_S" languagecode="1033" />
  </displayname>
  <introducedversion>1.0.0.0</introducedversion>
  <iscustomizable>1</iscustomizable>
  <isrequired>0</isrequired>
  <parameterkey>dataset</parameterkey>
  <secretstore>0</secretstore>
  <type>100000004</type>
</environmentvariabledefinition>