<environmentvariabledefinition schemaname="cr56b_shared_sharepointonline_f0142ae82e364504bc60cb3b97a7c7c7">
  <apiid>/providers/microsoft.powerapps/apis/shared_sharepointonline</apiid>
  <displayname default="laptop_orders">
    <label description="laptop_orders" languagecode="1033" />
  </displayname>
  <introducedversion>1.0.0.0</introducedversion>
  <iscustomizable>1</iscustomizable>
  <isrequired>0</isrequired>
  <parameterkey>table</parameterkey>
  <parentdefinitionid>
    <schemaname>cr56b_shared_sharepointonline_05d227b18e98426f819687a138c5abe4</schemaname>
  </parentdefinitionid>
  <secretstore>0</secretstore>
  <type>100000004</type>
</environmentvariabledefinition>