{
  "properties": {
    "connectionReferences": {
      "shared_sharepointonline": {
        "runtimeSource": "embedded",
        "connection": {
          "connectionReferenceLogicalName": "cr56b_sharedsharepointonline_66089"
        },
        "api": {
          "name": "shared_sharepointonline"
        }
      },
      "shared_onedriveforbusiness": {
        "runtimeSource": "embedded",
        "connection": {
          "connectionReferenceLogicalName": "cr56b_sharedonedriveforbusiness_744c5"
        },
        "api": {
          "name": "shared_onedriveforbusiness"
        }
      },
      "shared_office365": {
        "runtimeSource": "embedded",
        "connection": {
          "connectionReferenceLogicalName": "cr56b_sharedoffice365_839e0"
        },
        "api": {
          "name": "shared_office365"
        }
      }
    },
    "definition": {
      "$schema": "https://schema.management.azure.com/providers/Microsoft.Logic/schemas/2016-06-01/workflowdefinition.json#",
      "contentVersion": "1.0.0.0",
      "parameters": {
        "$connections": {
          "defaultValue": {},
          "type": "Object"
        },
        "$authentication": {
          "defaultValue": {},
          "type": "SecureObject"
        }
      },
      "triggers": {
        "When_an_item_is_created": {
          "recurrence": {
            "interval": 5,
            "frequency": "Minute"
          },
          "splitOn": "@triggerOutputs()?['body/value']",
          "metadata": {
            "operationMetadataId": "df5814f5-0f72-422f-82b8-fc214d3924e4"
          },
          "type": "OpenApiConnection",
          "inputs": {
            "host": {
              "connectionName": "shared_sharepointonline",
              "operationId": "GetOnNewItems",
              "apiId": "/providers/Microsoft.PowerApps/apis/shared_sharepointonline"
            },
            "parameters": {
              "dataset": "https://yddt4.sharepoint.com/sites/Projects_S",
              "table": "3491beca-aef0-486a-b223-c4596268c762"
            },
            "authentication": "@parameters('$authentication')"
          }
        }
      },
      "actions": {
        "Get_items": {
          "runAfter": {},
          "metadata": {
            "operationMetadataId": "9c8d293d-eba3-45cd-90d5-c2b556f8a810"
          },
          "type": "OpenApiConnection",
          "inputs": {
            "host": {
              "connectionName": "shared_sharepointonline",
              "operationId": "GetItems",
              "apiId": "/providers/Microsoft.PowerApps/apis/shared_sharepointonline"
            },
            "parameters": {
              "dataset": "https://yddt4.sharepoint.com/sites/Projects_S",
              "table": "3c1516d4-a65d-424a-bd81-069e44696a64",
              "$filter": "order_Id eq '@{triggerOutputs()?['body/ID']}'"
            },
            "authentication": "@parameters('$authentication')"
          }
        },
        "Compose": {
          "runAfter": {
            "Get_items": [
              "Succeeded"
            ]
          },
          "metadata": {
            "operationMetadataId": "13cd7344-31c4-48ad-9bb6-3d85b1c91cdd"
          },
          "type": "Compose",
          "inputs": "@outputs('Get_items')?['body/value']"
        },
        "_Select_specific_colom_from_laptop_order_list": {
          "runAfter": {
            "Compose": [
              "Succeeded"
            ]
          },
          "metadata": {
            "operationMetadataId": "2cc431d1-2528-493c-b225-c0a4b8beb37d"
          },
          "type": "Select",
          "inputs": {
            "from": "@outputs('Get_items')?['body/value']",
            "select": {
              "laptop name": "@item()?['laptop_name']",
              "laptop type": "@item()?['category/Value']",
              "quantity ": "@item()?['order_quantity']",
              "price": "$@{item()?['lap_price']}"
            }
          }
        },
        "Create_HTML_table": {
          "runAfter": {
            "_Select_specific_colom_from_laptop_order_list": [
              "Succeeded"
            ]
          },
          "metadata": {
            "operationMetadataId": "0498b5a7-2fab-4fb3-a88d-2b8db98ea422"
          },
          "type": "Table",
          "inputs": {
            "from": "@body('_Select_specific_colom_from_laptop_order_list')",
            "format": "HTML"
          }
        },
        "Tabel_style": {
          "runAfter": {
            "Create_HTML_table": [
              "Succeeded"
            ]
          },
          "metadata": {
            "operationMetadataId": "83f67ff3-c099-4235-9775-981f9c9bc7eb"
          },
          "type": "InitializeVariable",
          "inputs": {
            "variables": [
              {
                "name": "pdfTabel",
                "type": "string",
                "value": "<!DOCTYPE html>\n<html>\n<head>\n<style>\ntable {\n  font-family: arial, sans-serif;\n  width: 100%;\n}\n\ntd, th {\n  text-align: left;\n  padding: 8px;\n   text-align: left\n}\nh2 {\n    text-align:center;\n}\nspan {\n    font-weight:Normal;\n}\nh3 {\npadding-left : 8px \n}\n</style>\n</head>\n<body>\n\n<h2>The receipt</h2>\n<hr/> \n<br/>\n<div>\n    @{body('Create_HTML_table')}\n</div>\n\n<hr/> \n<h3> Total  :  <span> $@{triggerOutputs()?['body/Total']}</span> </h3>\n\n</body>\n\n\n</html>\n\n"
              }
            ]
          }
        },
        "Create_file": {
          "runAfter": {
            "Tabel_style": [
              "Succeeded"
            ]
          },
          "metadata": {
            "operationMetadataId": "44661bea-8552-4621-addb-9ce4cb9f976d"
          },
          "type": "OpenApiConnection",
          "inputs": {
            "host": {
              "connectionName": "shared_onedriveforbusiness",
              "operationId": "CreateFile",
              "apiId": "/providers/Microsoft.PowerApps/apis/shared_onedriveforbusiness"
            },
            "parameters": {
              "folderPath": "/Test pdf",
              "name": "@concat('Orders-',utcNow(),'.html')",
              "body": "@variables('pdfTabel')"
            },
            "authentication": "@parameters('$authentication')"
          },
          "runtimeConfiguration": {
            "contentTransfer": {
              "transferMode": "Chunked"
            }
          }
        },
        "Convert_file": {
          "runAfter": {
            "Create_file": [
              "Succeeded"
            ]
          },
          "metadata": {
            "operationMetadataId": "5ef4439e-6085-4518-a064-ae5199af4bb5"
          },
          "type": "OpenApiConnection",
          "inputs": {
            "host": {
              "connectionName": "shared_onedriveforbusiness",
              "operationId": "ConvertFile",
              "apiId": "/providers/Microsoft.PowerApps/apis/shared_onedriveforbusiness"
            },
            "parameters": {
              "id": "@outputs('Create_file')?['body/Id']",
              "type": "PDF"
            },
            "authentication": "@parameters('$authentication')"
          }
        },
        "Create_pdf_": {
          "runAfter": {
            "Convert_file": [
              "Succeeded"
            ]
          },
          "metadata": {
            "operationMetadataId": "5d1e0f4f-dca8-4d24-8bc5-c5afe5eb12fd"
          },
          "type": "OpenApiConnection",
          "inputs": {
            "host": {
              "connectionName": "shared_onedriveforbusiness",
              "operationId": "CreateFile",
              "apiId": "/providers/Microsoft.PowerApps/apis/shared_onedriveforbusiness"
            },
            "parameters": {
              "folderPath": "/Test pdf",
              "name": "@concat('Neworder-',utcNow(),'.pdf')",
              "body": "@body('Convert_file')"
            },
            "authentication": "@parameters('$authentication')"
          },
          "runtimeConfiguration": {
            "contentTransfer": {
              "transferMode": "Chunked"
            }
          }
        },
        "Convert_time_zone": {
          "runAfter": {
            "Create_pdf_": [
              "Succeeded"
            ]
          },
          "metadata": {
            "operationMetadataId": "e45e00e5-de2a-4dc7-948e-3b2bcac279bb"
          },
          "type": "Expression",
          "kind": "ConvertTimeZone",
          "inputs": {
            "baseTime": "@triggerOutputs()?['body/Created']",
            "formatString": "g",
            "sourceTimeZone": "Jordan Standard Time",
            "destinationTimeZone": "Jordan Standard Time"
          }
        },
        "Send_an_email_(V2)_pending": {
          "runAfter": {
            "Convert_time_zone": [
              "Succeeded"
            ]
          },
          "metadata": {
            "operationMetadataId": "387d46ad-3c07-4a0e-aff6-acdda076a8b2"
          },
          "type": "OpenApiConnection",
          "inputs": {
            "host": {
              "connectionName": "shared_office365",
              "operationId": "SendEmailV2",
              "apiId": "/providers/Microsoft.PowerApps/apis/shared_office365"
            },
            "parameters": {
              "emailMessage/To": "@triggerOutputs()?['body/Customer_Email']",
              "emailMessage/Subject": "Laptop house ",
              "emailMessage/Body": "<p>Dear @{triggerOutputs()?['body/customer_name']},<br>\n<br>\nWe hope this email finds you well. We wanted to provide you with an update on your recent order with us. We're currently processing your order, and it is currently in a pending status. Our team is working diligently to get your order out as soon as possible.<br>\n<br>\nOnce your order has been shipped, we'll send you a notification email with tracking information. If you have any questions in the meantime, please feel free to contact  <a  style=\"text-decoration:none\" href=\"mailto:&quot;saddam.maratouq@gmail.com&quot;\">  our customer services. </a> <br>\n<br>\n<strong>Order number </strong>: @{triggerOutputs()?['body/ID']}<br>\n<strong>Order date </strong>:@{body('Convert_time_zone')}<br>\n<strong>Delivery Address: </strong>:@{triggerOutputs()?['body/Location']}\n<br> <br>\nThank you for your patience and understanding.</p>\n<br>\n<br>\n<strong>laptop house&nbsp;</strong></p>",
              "emailMessage/Attachments": [
                {
                  "Name": "laptop-house.pdf",
                  "ContentBytes": "@body('Convert_file')"
                }
              ],
              "emailMessage/Importance": "Normal"
            },
            "authentication": "@parameters('$authentication')"
          }
        },
        "Delay_": {
          "runAfter": {
            "Send_an_email_(V2)_pending": [
              "Succeeded"
            ]
          },
          "metadata": {
            "operationMetadataId": "60dc439b-a444-4bb4-b2aa-2c00a444a054"
          },
          "type": "Wait",
          "inputs": {
            "interval": {
              "count": 20,
              "unit": "Second"
            }
          }
        },
        "Update_status_to_on_way": {
          "runAfter": {
            "Delay_": [
              "Succeeded"
            ]
          },
          "metadata": {
            "operationMetadataId": "67e3c631-66a6-4eec-8d51-412b078a588b"
          },
          "type": "OpenApiConnection",
          "inputs": {
            "host": {
              "connectionName": "shared_sharepointonline",
              "operationId": "PatchItem",
              "apiId": "/providers/Microsoft.PowerApps/apis/shared_sharepointonline"
            },
            "parameters": {
              "dataset": "https://yddt4.sharepoint.com/sites/Projects_S",
              "table": "3491beca-aef0-486a-b223-c4596268c762",
              "id": "@triggerOutputs()?['body/ID']",
              "item/order_status/Value": "on way"
            },
            "authentication": "@parameters('$authentication')"
          }
        },
        "Send_an_email_(V2)_on_way_": {
          "runAfter": {
            "add_4_days_": [
              "Succeeded"
            ]
          },
          "metadata": {
            "operationMetadataId": "46bfcdd6-24b8-436e-ad16-a75ba3d51476"
          },
          "type": "OpenApiConnection",
          "inputs": {
            "host": {
              "connectionName": "shared_office365",
              "operationId": "SendEmailV2",
              "apiId": "/providers/Microsoft.PowerApps/apis/shared_office365"
            },
            "parameters": {
              "emailMessage/To": "@triggerOutputs()?['body/Customer_Email']",
              "emailMessage/Subject": "Laptop house ",
              "emailMessage/Body": "<p>Dear @{triggerOutputs()?['body/customer_name']},<br>\n<br>\nWe're excited to let you know that your recent order with us is on its way! Your order has been shipped and is scheduled to arrive within the next few days. We've also included your tracking information below so you can keep an eye on your package as it makes its way to you.<br>\n<br>\n<strong>Estimated Delivery Date</strong>: @{outputs('add_4_days_')} (1pm-3pm)<br>\n<br>\nIf you have any questions or concerns about your order, please don't hesitate to reach out to <a  style=\"text-decoration:none\" href=\"mailto:&quot;saddam.maratouq@gmail.com&quot;\">  our customer services </a>.We're here to help!<br>\n \nThank you again for choosing laptop housefor your shopping needs. We appreciate your business and hope to serve you again soon.<br>\n<br>\n<strong>Order number</strong> : @{triggerOutputs()?['body/ID']}<br>\n<strong>Order date </strong>:@{body('Convert_time_zone')}<br>\n<br>\n<br>\n<strong>laptop house&nbsp;</strong></p>",
              "emailMessage/Attachments": [
                {
                  "Name": "laptop-house.pdf",
                  "ContentBytes": "@body('Convert_file')"
                }
              ],
              "emailMessage/Importance": "Normal"
            },
            "authentication": "@parameters('$authentication')"
          }
        },
        "Convert_to_date_only_": {
          "runAfter": {
            "Update_status_to_on_way": [
              "Succeeded"
            ]
          },
          "metadata": {
            "operationMetadataId": "a22f43d5-ba82-409f-bbbb-9984c68d68f0"
          },
          "type": "Expression",
          "kind": "ConvertTimeZone",
          "inputs": {
            "baseTime": "@triggerOutputs()?['body/Created']",
            "formatString": "d",
            "sourceTimeZone": "Jordan Standard Time",
            "destinationTimeZone": "Jordan Standard Time"
          }
        },
        "add_4_days_": {
          "runAfter": {
            "Convert_to_date_only_": [
              "Succeeded"
            ]
          },
          "metadata": {
            "operationMetadataId": "513265c0-e05a-496d-9237-bb8a3cd85782"
          },
          "type": "Compose",
          "inputs": "@addDays(  body('Convert_to_date_only_')  ,4,'dd-MM-yyyy')"
        },
        "Delay": {
          "runAfter": {
            "Send_an_email_(V2)_on_way_": [
              "Succeeded"
            ]
          },
          "metadata": {
            "operationMetadataId": "b4fd2adb-5218-4bad-a891-9ae071c6faf5"
          },
          "type": "Wait",
          "inputs": {
            "interval": {
              "count": 20,
              "unit": "Second"
            }
          }
        },
        "Update_item": {
          "runAfter": {
            "Delay": [
              "Succeeded"
            ]
          },
          "metadata": {
            "operationMetadataId": "1fe6060a-07b1-438c-8dcc-b3f143226512"
          },
          "type": "OpenApiConnection",
          "inputs": {
            "host": {
              "connectionName": "shared_sharepointonline",
              "operationId": "PatchItem",
              "apiId": "/providers/Microsoft.PowerApps/apis/shared_sharepointonline"
            },
            "parameters": {
              "dataset": "https://yddt4.sharepoint.com/sites/Projects_S",
              "table": "3491beca-aef0-486a-b223-c4596268c762",
              "id": "@triggerOutputs()?['body/ID']",
              "item/order_status/Value": "completed"
            },
            "authentication": "@parameters('$authentication')"
          }
        },
        "Send_an_email_(V2)_completed": {
          "runAfter": {
            "Update_item": [
              "Succeeded"
            ]
          },
          "metadata": {
            "operationMetadataId": "e7fed7af-498c-4fb3-b97a-6fae93c09459"
          },
          "type": "OpenApiConnection",
          "inputs": {
            "host": {
              "connectionName": "shared_office365",
              "operationId": "SendEmailV2",
              "apiId": "/providers/Microsoft.PowerApps/apis/shared_office365"
            },
            "parameters": {
              "emailMessage/To": "@triggerOutputs()?['body/Customer_Email']",
              "emailMessage/Subject": "laptop house ",
              "emailMessage/Body": "<div> \n<p>Dear @{triggerOutputs()?['body/customer_name']},<br>\n<br>\nWe're happy to let you know that your recent order with us has been completed successfully! Your package was delivered to your designated address in @{triggerOutputs()?['body/Location']}, and we hope you are enjoying your new purchase.<br>\n<br>\nIf you have any questions or concerns about your order, please feel free to reach out to  <a  style=\"text-decoration:none\" href=\"mailto:&quot;saddam.maratouq@gmail.com&quot;\">  our customer services </a>.  <br>  We value your feedback and are always looking for ways to improve our service.<br>\n<br>\nThank you again for choosing us for your purchase.</p>\n<br> \n <strong>laptop house <strong>  \n\n</div> ",
              "emailMessage/Importance": "Normal"
            },
            "authentication": "@parameters('$authentication')"
          }
        }
      }
    },
    "templateName": ""
  },
  "schemaVersion": "1.0.0.0"
}